{
  "ReleaseBranchName": "release/yyyyMMdd",
  "ProgramGitPath": "C:\\ProgramSource\\GenXls",
  "PackageBasePath": "C:\\Users\\itdhvh\\Desktop\\Work\\GenXlsWorkplace\\PackageWorkplace",
  "JobIds": [ "xxx", "yyy" ],
  "RepoPreviousMergeHash": "1234abcd",
  "ProgramName": "GenXls",
  "ProgramCompiledPath": "C:\\ProgramSource\\GenXls\\GenXls\\bin\\Release",
  "CustomPackageBackUpPaths": [],
  "ProductionProgramBasePath": "\\\\hkbcapp17p\\e$\\",
  "NugetConfigs": [
    {
      "NugetGitPath": "C:\\ProgramSource\\AS400.Interfaces",
      "TargetNugetPath": "C:\\ProgramSource\\GenXls\\packages",
      "NugetRepoName": "AS400.Interfaces",
      "NugetPackageVersion": "v0.00.0"
    },
    {
      "NugetGitPath": "C:\\ProgramSource\\AS400.Helpers",
      "TargetNugetPath": "C:\\ProgramSource\\GenXls\\packages",
      "NugetRepoName": "AS400.Helpers",
      "NugetPackageVersion": "v0.00.0"
    }
  ]
}