{
  "ReleaseBranchName": "release/20230101",
  "ProgramGitPath": "C:\\ProgramSource\\GenXls",
  "NugetGitPath": "C:\\ProgramSource\\AS400.Interfaces",
  "TargetNugetPath": "C:\\ProgramSource\\GenXls\\packages",
  "PackageBasePath": "C:\\Users\\itdxxx\\Desktop",
  "JobIds": [ "xxx", "xxx" ],
  "RepoPreviousMergeHash": "",
  "ProgramName": "GenXls",
  "NugetRepoName": "AS400.Interfaces",
  "NugetPackageVersion": "v1.11.1",
  "ProgramCompiledPath": "C:\\ProgramSource\\GenXls\\GenXls\\bin\\Release",
  "CustomPackageBackUpPaths": [],
  "ProductionProgramBasePath": "\\\\hkbcapp17p\\e$\\"
}